Amanda -- Rename Totem Of Undying to 'Amanda'
Beer -- Rename Carved Pumpkin to 'Beer'
Black Bishop -- Rename Carved Pumpkin to 'Black Bishop'
Black King -- Rename Carved Pumpkin to 'Black King'
Black Knight -- Rename Carved Pumpkin to 'Black Knight'
Black Pawn -- Rename Carved Pumpkin to 'Black Pawn'
Black Queen -- Rename Carved Pumpkin to 'Black Queen'
Black Rook -- Rename Carved Pumpkin to 'Black Rook'
Blocky -- Rename Diamond Sword to 'Blocky'
Cap -- Rename Carved Pumpkin to 'Sideways Cap'
Cat -- Rename Carved Pumpkin to 'Cat'
Coffee -- Rename Potion to 'Coffee'
Crazy Hat -- Rename Carved Pumpkin to 'Crazy Hat'
Goose -- Rename Carved Pumpkin to 'Goose'
Gun -- Rename Bow to 'Golden Gun'
Highswag Mask -- Rename Carved Pumpkin to 'Highswag Mask'
Koala -- Rename Carved Pumpkin to 'Koala'
Lucky Cat -- Rename Totem Of Undying to 'Lucky Cat Statue'
Mushroom -- Rename Carved Pumpkin to 'Super Mushroom'
Nipper -- Rename Carved Pumpkin to 'Nipper Plant'
Outline -- Rename Carved Pumpkin to 'Protective Outline'
Party -- Rename Carved Pumpkin to 'Party'
Phone -- Rename Crossbow to 'Player1o'S Phone'
Piano -- Rename Carved Pumpkin to 'Floating Keyboard'
Pikaheaven -- Rename Carved Pumpkin to 'Pikaheaven'
Pikahell -- Rename Carved Pumpkin to 'Pikahell'
Pirate -- Rename Carved Pumpkin to 'Pirate'
Platypus -- Rename Carved Pumpkin to 'Platypus'
Portal -- Rename Carved Pumpkin to 'Inter-Dimensional Portal'
Power -- Rename Carved Pumpkin to 'Mystery Box'
Shotgun -- Rename Crossbow to 'Dealer'S Choice'
Shotgun2 -- Rename Crossbow to 'Shotgun'
Ward -- Rename Carved Pumpkin to 'Ward'
White Bishop -- Rename Carved Pumpkin to 'White Bishop'
White King -- Rename Carved Pumpkin to 'White King'
White Knight -- Rename Carved Pumpkin to 'White Knight'
White Pawn -- Rename Carved Pumpkin to 'White Pawn'
White Queen -- Rename Carved Pumpkin to 'White Queen'
White Rook -- Rename Carved Pumpkin to 'White Rook'
Witch Hat -- Rename Carved Pumpkin to 'Witch Hat'
Fake Netherite Boots -- Rename Diamond Boots to 'Netherite Boots'
Fake Netherite Chestplate -- Rename Diamond Helmet to 'Netherite Helmet'
Fake Netherite Helmet -- Rename Diamond Chestplate to 'Netherite Chestplate'
Fake Netherite Leggings -- Rename Diamond Leggings to 'Netherite Leggings'
Perry Boots -- Rename Diamond Boots to 'Perry'
Perry Chestplate -- Rename Diamond Chestplate to 'Perry'
Perry Helmet -- Rename Diamond Helmet to 'Perry'
Perry Leggings -- Rename Diamond Leggings to 'Perry'
Inv Boots -- Rename Diamond Boots to 'Stealth'
Inv Boots Icon -- Rename Diamond Boots to 'Stealth'
Inv Chestplate -- Rename Diamond Helmet to 'Stealth'
Inv Chestplate Icon -- Rename Diamond Chestplate to 'Stealth'
Inv Helmet -- Rename Diamond Chestplate to 'Stealth'
Inv Helmet Icon -- Rename Diamond Helmet to 'Stealth'
Inv Leggings -- Rename Diamond Leggings to 'Stealth'
Inv Leggings Icon -- Rename Diamond Leggings to 'Stealth'
Beamofdeath -- Rename Crossbow to 'Beam Of Death'
Bedrock -- Rename Carved Pumpkin to 'Bedrock'
Bedrockpp -- Rename Carved Pumpkin to 'Bedrock Pp'
Blahajsword -- Rename Netherite Sword to 'Whomp Whomp'
Blahajbow -- Rename Bow to 'A-10 Warthog'
Blahajtotem -- Rename Totem Of Undying to 'Blahaj'
Blahajhat -- Rename Carved Pumpkin to 'Shonk'
Bloodyaxe -- Rename Wooden Axe Stone Axe Iron Axe Diamond Axe Netherite Axe to 'Bloody Axe'
Botw Gaurdian Sword -- Rename Wooden Sword Stone Sword Iron Sword Diamond Sword Netherite Sword to 'Guardian Sword'
Button -- Rename Writable Book to 'Button'
Button Pressed -- Rename Written Book to 'Button'
Button Pressed Glint -- Rename Written Book to 'Button'
Carlweezer -- Rename Carved Pumpkin to 'Carl Weezer'
Cheeb Cake -- Rename Golden Carrot to 'Cheeb Cake'
Cherrypie -- Rename Golden Carrot to 'Cherry Pie'
Clownhair -- Rename Carved Pumpkin to 'Clown Hair'
Crescentpainting -- Rename Carved Pumpkin to '.'
Dragonegg -- Rename Carved Pumpkin to '''
Ace -- Rename Elytra to 'Ace or Asexual or Ace Elytra or Asexual Elytra'
Ace Icon -- Rename Elytra to 'Ace or Asexual or Ace Elytra or Asexual Elytra'
Aro -- Rename Elytra to 'Aro or Aromantic or Aro Elytra or Aromantic Elytra'
Aro Icon -- Rename Elytra to 'Aro or Aromantic or Aro Elytra or Aromantic Elytra'
Bi -- Rename Elytra to 'Bi or Bisexual or Bisexual Elytra or Bi Elytra'
Bi Icon -- Rename Elytra to 'Bi or Bisexual or Bisexual Elytra or Bi Elytra'
Gay -- Rename Elytra to 'Gay or Gay Elytra or Homo or Homosexual or Homo Elytra or Homosexual Elytra or Pride or Pride Elytra'
Gay Icon -- Rename Elytra to 'Gay or Gay Elytra or Homo or Homosexual or Homo Elytra or Homosexual Elytra or Pride or Pride Elytra'
Genderfluid -- Rename Elytra to 'Genderfluid or Genderfluid Elytra'
Genderfluid Icon -- Rename Elytra to 'Genderfluid or Genderfluid Elytra'
Lesbian -- Rename Elytra to 'Lesbian or Lesbian Elytra'
Lesbian Icon -- Rename Elytra to 'Lesbian or Lesbian Elytra'
Non Binary -- Rename Elytra to 'Non Binary or Non Binary Elytra or Nonbinary or Nonbinary Elytra or Enby or Enby Elytra'
Non Binary Icon -- Rename Elytra to 'Non Binary or Non Binary Elytra or Nonbinary or Nonbinary Elytra or Enby or Enby Elytra'
Pan -- Rename Elytra to 'Pan or Pansexual or Pan Elytra or Pansexual Elytra'
Pan Icon -- Rename Elytra to 'Pan or Pansexual or Pan Elytra or Pansexual Elytra'
Trans -- Rename Elytra to 'Trans or Transgender or Trans Elytra or Transgender Elytra'
Trans Icon -- Rename Elytra to 'Trans or Transgender or Trans Elytra or Transgender Elytra'
Ace -- Rename Elytra to 'Ace'
Ace Icon -- Rename Elytra to 'Ace'
Aro Icon -- Rename Elytra to 'Aro'
Aro Model -- Rename Elytra to 'Aro'
Bi -- Rename Elytra to 'Bi'
Bi Icon -- Rename Elytra to 'Bi'
Canada Icon -- Rename Elytra to 'X-02 Wyvern'
Canada Model -- Rename Elytra to 'X-02 Wyvern'
Demon Icon -- Rename Elytra to 'Demon'
Demon Model -- Rename Elytra to 'Demon'
Emerald Icon -- Rename Elytra to 'Emerald Wings'
Emerald Model -- Rename Elytra to 'Emerald Wings'
Fumidemon Icon -- Rename Elytra to 'Fumii Wings'
Fumidemon Model -- Rename Elytra to 'Fumii Wings'
Gay Icon -- Rename Elytra to 'Gay'
Gay Model -- Rename Elytra to 'Gay'
Genderfluid -- Rename Elytra to 'Genderfluid'
Genderfluid Icon -- Rename Elytra to 'Genderfluid'
Legitperrywings Icon -- Rename Elytra to 'Hubbie Glider'
Legitperrywings Model -- Rename Elytra to 'Hubbie Glider'
Lesbian -- Rename Elytra to 'Lesbian'
Lesbian Icon -- Rename Elytra to 'Lesbian'
Non Binary -- Rename Elytra to 'Non Binary'
Non Binary Icon -- Rename Elytra to 'Non Binary'
Pan -- Rename Elytra to 'Pan'
Pan Icon -- Rename Elytra to 'Pan'
Perrywings Icon -- Rename Elytra to 'Agent P'S Jetpack'
Perrywings Model -- Rename Elytra to 'Agent P'S Jetpack'
Pongo Icon -- Rename Elytra to 'Pongo'
Pongo Model -- Rename Elytra to 'Pongo'
Redcape Icon -- Rename Elytra to 'Cape'
Redcape Model -- Rename Elytra to 'Cape'
Silky Icon -- Rename Elytra to 'Silky Wings'
Silky Model -- Rename Elytra to 'Silky Wings'
Suit Icon -- Rename Elytra to 'Z-Wings'
Suit Model -- Rename Elytra to 'Z-Wings'
Trans -- Rename Elytra to 'Trans'
Trans Icon -- Rename Elytra to 'Trans'
Void Icon -- Rename Elytra to 'Fly'
Void Model -- Rename Elytra to 'Fly'
Warden Icon -- Rename Elytra to 'Warden'
Warden Model -- Rename Elytra to 'Warden'
Empty Cup -- Rename Carved Pumpkin to 'Empty Cup'
Angyeyebrows -- Rename Carved Pumpkin to 'Angry Eyebrows'
Confuseeyebrows -- Rename Carved Pumpkin to 'Confused Eyebrows'
Eyebrows -- Rename Carved Pumpkin to 'Eyebrows'
Flower Axe -- Rename Netherite Axe Diamond Axe to 'Flower Axe'
Flower Bow -- Rename Bow to 'Flower Power'
Flower Wings -- Rename Elytra to 'Flower Wings'
Flower Wings Broken -- Rename Elytra to 'Flower Wings'
Flower Wings Item -- Rename Elytra to 'Flower Wings'
Flower Spear -- Rename Netherite Sword Diamond Sword to 'Flower Spear'
Blueberrypie -- Rename Golden Carrot to 'Blueberry Pie'
Cinnamonroll -- Rename Bread to 'Cinnamon Roll'
Cookiecat -- Rename Cookie to 'Cat Cookie'
Croissaint -- Rename Bread to 'Croissaint'
Cupcake -- Rename Bread to 'Cupcake'
Donut -- Rename Bread to 'Donut'
Hotchoc -- Rename Potion to 'Hot Chocolate'
Icedcoffee -- Rename Potion to 'Iced Coffee'
Sundae -- Rename Golden Carrot to 'Sundae'
Waffle -- Rename Bread to 'Waffle'
Garryts -- Rename Carved Pumpkin to ','
Hades Plushie -- Rename Carved Pumpkin Totem Of Undying to 'Hades Plushie'
Herbert Sword -- Rename Wooden Sword Stone Sword Iron Sword Diamond Sword Netherite Sword to 'Hubbie Sword <3'
Highswagstaff -- Rename Wooden Axe Stone Axe Iron Axe Diamond Axe Netherite Axe to 'Hell'S Staff'
Highswaghat -- Rename Carved Pumpkin to 'Highswag'S Tophat'
Highswagster -- Rename Diamond Sword Netherite Sword Iron Sword Wooden Sword Golden Sword Stone Sword to 'Highswagster'
Ipadangy -- Rename Wooden Hoe to 'Angry Birds'
Ipadheheheha -- Rename Wooden Hoe to 'Clash Royale'
Ipadoff -- Rename Wooden Hoe to 'Ipad - Off'
Ipadon -- Rename Wooden Hoe to 'Ipad - On'
Janitorbroom -- Rename Brush to 'Broomstick'
Leodawings Icon -- Rename Elytra to 'Leodawings'
Leodawings Model -- Rename Elytra to 'Leodawings'
Parrot Sword -- Rename Netherite Sword to 'Leodablade'
Cherrypie -- Rename Golden Carrot to 'Popcorn'
Betaobliterator -- Rename Netherite Sword Diamond Sword to 'Beta Obliterator'
Crimekiller -- Rename Netherite Sword Diamond Sword to 'Crime Killer'
Luffstrawhat -- Rename Carved Pumpkin to 'Zat'
Milk Cup -- Rename Carved Pumpkin to 'Cup Of Milk'
Molotov 0 -- Rename Flint And Steel to 'Tea Molotov'
Molotov 100 -- Rename Flint And Steel to 'Tea Molotov'
Molotov 50 -- Rename Flint And Steel to 'Tea Molotov'
Molotov 75 -- Rename Flint And Steel to 'Tea Molotov'
Perry Axe -- Rename Wooden Axe Stone Axe Iron Axe Diamond Axe Netherite Axe to 'Platypus Pulverizer'
Perrygun -- Rename Bow to 'Secret Agent P'S Gun'
Perry Plushie -- Rename Carved Pumpkin Totem Of Undying to 'Perry Plushie'
Perry Sword -- Rename Wooden Sword Stone Sword Iron Sword Diamond Sword Netherite Sword to 'Praise The Platypus God'
Pikmin -- Rename Carved Pumpkin to 'Pikmin'
Captain -- Rename Carved Pumpkin to 'Pilot Hat'
Pipe Wrench -- Rename Wooden Axe Stone Axe Iron Axe Diamond Axe Netherite Axe to 'Pipe Wrench'
Plane -- Rename Carved Pumpkin to 'Plane'
Elf-Pin -- Rename Iron Nugget to 'Vote For Bouncingelf10'
Posterbouncing -- Rename Dirt to 'Vote For Bouncingelf10'
Postertj -- Rename Dirt to 'Vote For Tj Giggles'
Prisonblueprints -- Rename Paper to 'Ppp Blueprints'
Protongun -- Rename Bow to 'Proton Blaster'
Protongun -- Rename Bow to 'Proton Blaster'
Rednazx Plushie -- Rename Carved Pumpkin Totem Of Undying to 'Rednazx Plushie'
Rolling Pin -- Rename Netherite Sword Diamond Sword to 'Rolling Pin'
Sbtr -- Rename Carved Pumpkin to 'Skittles'
Seedheadset -- Rename Carved Pumpkin to 'Vr Headset'
Slabpainting -- Rename Carved Pumpkin to 'S.L.A.B'
Strombolisickles -- Rename Wooden Sword Stone Sword Iron Sword Diamond Sword Netherite Sword to 'Stromboli'S Sickle'
Taco -- Rename Golden Carrot to 'Taco'
Command Staff -- Rename Wooden Axe Stone Axe Iron Axe Diamond Axe Netherite Axe to 'The Nexus Staff'
Seedheadset -- Rename Carved Pumpkin to 'Vr Headset'
Tjheadset -- Rename Carved Pumpkin to 'Headphones'
Tjanime -- Rename Carved Pumpkin to 'Tri Made This'
Tjkawaii -- Rename Carved Pumpkin to 'Giggle Chan'
Tjmeme -- Rename Carved Pumpkin to 'Tj Memes'
Tj -- Rename Carved Pumpkin to 'Tj Face'
Tjperry -- Rename Carved Pumpkin to 'Tj The Platypus'
Tjpres -- Rename Carved Pumpkin to 'Vote Tj Motherfuckersss'
Tjritter -- Rename Carved Pumpkin to 'Ritter Made This'
Tjtri -- Rename Carved Pumpkin to 'Tri Also Made This'
Tjzombieodie -- Rename Carved Pumpkin to 'Zombie Made This'
Tree -- Rename Carved Pumpkin to 'Tree'
Trihalberd -- Rename Wooden Axe Stone Axe Iron Axe Diamond Axe Netherite Axe to 'Knight'S Halberd'
Trisclipboard -- Rename Writable Book to 'Clipboard'
Trophy -- Rename Netherite Ingot Diamond to 'Trophy'
Truck -- Rename Carved Pumpkin to 'Truck'
Vaultpicture -- Rename Carved Pumpkin to '`'
Tradecafe -- Rename Carved Pumpkin to 'Maid Machine'
Starrynight -- Rename Carved Pumpkin to 'Starry Night'
Wafflepainting1 -- Rename Carved Pumpkin to '-'
Wafflepainting -- Rename Carved Pumpkin to '/'
Wafflepainting2 -- Rename Carved Pumpkin to ' '
Wafflesglasses -- Rename Carved Pumpkin to 'Sunglasses'
Waffleswaffle -- Rename Carved Pumpkin to 'Waffles'
Waltuhwhite -- Rename Carved Pumpkin to 'Walter Fucking White'
Displaymastersword -- Rename Diamond Sword to 'Display Master Sword'
Hylianshield -- Rename Shield to 'Hylian Shield'
Mastersword -- Rename Diamond Sword to 'Master Sword'
Masterswordn -- Rename Netherite Sword to 'Master Sword'
Zombie Cannon -- Rename Bow to 'Bow To Zombieodie'
Zombie Odie Plushie -- Rename Carved Pumpkin Totem Of Undying to 'Zombieodie Plushie'
